"Nome","Preço","Tipo","Tamanho","Fotos",
"CAMISA FLAMENGO FC23/24","175","Camisa tailandesa BRASILEIRÃO","P,M,G,GG","Camisa flamengo FC23/24.webp",
"CAMISA PALMEIRAS FC23/24","175","Camisa tailandesa BRASILEIRÃO","P,M,G,GG","Camisa Palmeiras FC22/23webp",
"CAMISA SÃO PAULO FC23/24","175","Camisa tailandesa BRASILEIRÃO","P,M,G,GG","Camisa São Paulo FC23/24.webp",
"CAMISA GRÊMIO CELESTE FC22/23","175","Camisa tailandesa BRASILEIRÃO","P,M,G,GG","Camisa Grêmio Celeste FC22/23.webp",
"CAMISA I CORINTHIANS FC23/24","175","Camisa tailandesa BRASILEIRÃO","P,M,G,GG","Camisa I Corinthians FC23/24.jpg",
"CAMISA I INTERNACIONAL FC23/24","175","Camisa tailandesa BRASILEIRÃO","P,M,G,GG","Camisa I Internacional FC 23/24.webp",
"CAMISA GRÊMIO FC22/23","175","Camisa tailandesa BRASILEIRÃO","P,M,G,GG","Camisa Grêmio FC22/23.webp",
"CAMISA II FLAMENGO FC23/24","175","Camisa tailandesa BRASILEIRÃO","P,M,G,GG","CAMISA II FLAMENGO FC23/24.webp",
"CAMISA I CORINTHIANS FC 22/23","175","Camisa tailandesa BRASILEIRÃO","P,M,G,GG","CAMISA I CORINTHIANS FC 22/23.webp",
"CAMISA DE TREINO CORINTHIANS FC23/24","175","Camisa tailandesa BRASILEIRÃO","P,M,G,GG","CAMISA DE TREINO CORINTHIANS FC23/24.webp",
"CAMISA II CORINTHIANS FC23/24","175","Camisa tailandesa BRASILEIRÃO","P,M,G,GG","CAMISA II CORINTHIANS FC23/24.webp",
"CAMISA II SÃO PAULO FC 23/24","175","Camisa tailandesa BRASILEIRÃO","P,M,G,GG","CAMISA II SÃO PAULO FC 23/24.webp",
"CAMISA II CORINTHIANS FC 21/22","175","Camisa tailandesa BRASILEIRÃO","P,M,G,GG","CAMISA II CORINTHIANS FC 21/22.webp",
"CAMISA II PALMEIRAS FC 23/24","175","Camisa tailandesa BRASILEIRÃO","P,M,G,GG","CAMISA II PALMEIRAS FC 23/24.webp",
"CAMISA I SANTOS FC 22/23","175","Camisa tailandesa BRASILEIRÃO","P,M,G,GG","CAMISA I SANTOS FC 22/23.jpg",
"CAMISA EDIÇÃO ESPECIAL BARCELONA FC 22/23","190","Camisa EDIÇÃO ESPECIAL","P,M,G,GG","CAMISA EDIÇÃO ESPECIAL BARCELONA FC 22/23.webp",
"CAMISA EDIÇÃO ESPECIAL REAL MADRID FC 23/24","190","Camisa EDIÇÃO ESPECIAL","P,M,G,GG","CAMISA EDIÇÃO ESPECIAL REAL MADRID FC 23/24.webp",
"CAMISA EDIÇÃO ESPECIAL RB SALZBURG FC 23/24","190","Camisa EDIÇÃO ESPECIAL","P,M,G,GG","CAMISA EDIÇÃO ESPECIAL RB SALZBURG FC 23/24.webp",
"CAMISA EDIÇÃO ESPECIAL FLAMENGO FC 23/24","190","Camisa EDIÇÃO ESPECIAL","P,M,G,GG","CAMISA EDIÇÃO ESPECIAL FLAMENGO FC 23/24.webp",
"CAMISA EDIÇÃO ESPECIAL LEIPZIG 23/24","190","Camisa EDIÇÃO ESPECIAL","P,M,G,GG","CAMISA EDIÇÃO ESPECIAL LEIPZIG 23/24.webp",
"CAMISA EDIÇÃO ESPECIAL NEWCASTLE UNITED FC 23/24","190","Camisa EDIÇÃO ESPECIAL","P,M,G,GG","CAMISA EDIÇÃO ESPECIAL NEWCASTLE UNITED FC 23/24.webp",
"CAMISA EDIÇÃO ILIMITADA MANCHESTER CITY FC 23/24","190","Camisa EDIÇÃO ESPECIAL","P,M,G,GG","CAMISA EDIÇÃO ILIMITADA MANCHESTER CITY FC.webp",
"CAMISA EDIÇÃO ESPECIAL REAL MADRID","190","Camisa EDIÇÃO ESPECIAL","P,M,G,GG","CAMISA EDIÇÃO ESPECIAL REAL MADRID.webp",
"CAMISA EDIÇÃO ESPECIAL INGLATERRA 22/23","190","Camisa EDIÇÃO ESPECIAL","P,M,G,GG","CAMISA EDIÇÃO ESPECIAL INGLATERRA 22/23.webp",
"CAMISA EDIÇÃO ESPECIAL BRIGHTON 23/24","190","Camisa EDIÇÃO ESPECIAL","P,M,G,GG","CAMISA EDIÇÃO ESPECIAL BRIGHTON 23/24.webp",
"CAMISA EDIÇÃO ESPECIAL CORINTHIANS FC 23/24","190","Camisa EDIÇÃO ESPECIAL","P,M,G,GG","CAMISA EDIÇÃO ESPECIAL CORINTHIANS FC 23/24.webp",
"CAMISA EDIÇÃO ESPECIAL NAPOLI 23/24","190","Camisa EDIÇÃO ESPECIAL","P,M,G,GG","CAMISA EDIÇÃO ESPECIAL NAPOLI 23/24.webp",
"CAMISA EDIÇÃO ESPECIAL WOLVERHAMPTON FC 23/24","190","Camisa EDIÇÃO ESPECIAL","P,M,G,GG","CAMISA EDIÇÃO ESPECIAL WOLVERHAMPTON FC 23/24.webp",
"CAMISA EDIÇAO ESPECIAL ITÁLIA FC 23/24","190","Camisa EDIÇÃO ESPECIAL","P,M,G,GG","CAMISA EDIÇAO ESPECIAL ITÁLIA FC 23/24.webp",
"CAMISA EDIÇÃO ESPECIAL PALMEIRAS FC 22/23","190","Camisa EDIÇÃO ESPECIAL","P,M,G,GG","CAMISA EDIÇÃO ESPECIAL PALMEIRAS FC 22/23.webp",
"CAMISA I REAL MADRID FC 23/24","175","Camisa Tailandesa EUROPEU","P,M,G,GG","CAMISA I REAL MADRID FC 23/24.webp",
"CAMISA I MANCHESTER CITY FC 22/23","175","Camisa Tailandesa EUROPEU","P,M,G,GG","CAMISA I MANCHESTER CITY FC 22/23.webp",
"CAMISA I INTER DE MILÃO FC 22/23","175","Camisa Tailandesa EUROPEU","P,M,G,GG","CAMISA I INTER DE MILÃO FC 22/23.webp",
"CAMISA III REAL MADRID 22/23","175","Camisa Tailandesa EUROPEU","P,M,G,GG","CAMISA III REAL MADRID 22/23.webp",
"CAMISA I MIAMI FC 23/24","175","Camisa Tailandesa EUROPEU","P,M,G,GG","CAMISA I MIAMI FC 23/24.webp",
"CAMISA I BORUSSIA DORTMUND FC 21/22","175","Camisa Tailandesa EUROPEU","P,M,G,GG","CAMISA I BORUSSIA DORTMUND FC 21/22.webp",
"CAMISA I AJAX FC 22/23","175","Camisa Tailandesa EUROPEU","P,M,G,GG","CAMISA I AJAX FC 22/23.webp",
"CAMISA I CHELSEA FC 22/23","175","Camisa Tailandesa EUROPEU","P,M,G,GG","CAMISA I CHELSEA FC 22/23.webp",
"CAMISA I ARSENAL FC 22/23","175","Camisa Tailandesa EUROPEU","P,M,G,GG","CAMISA I ARSENAL FC 22/23.webp",
"CAMISA I AL HILAL FC 23/24","175","Camisa Tailandesa EUROPEU","P,M,G,GG","CAMISA I AL HILAL FC 23/24.webp",
"CAMISA II WOLVERHAMPTON 22/23","175","Camisa Tailandesa EUROPEU","P,M,G,GG","CAMISA II WOLVERHAMPTON 22/23.webp",
"CAMISA III ARSENAL FC 22/23","175","Camisa Tailandesa EUROPEU","P,M,G,GG","CAMISA III ARSENAL FC 22/23.webp",
"CAMISA II AL HILAL 23/24","175","Camisa Tailandesa EUROPEU","P,M,G,GG","CAMISA II AL HILAL 23/24.webp",
"CAMISA DE TREINO MANCHESTER CITY FC 23/24","175","Camisa Tailandesa EUROPEU","P,M,G,GG","CAMISA DE TREINO MANCHESTER CITY FC 23/24.webp",
"CAMISA I AL NASSR FC 23/24","175","Camisa Tailandesa EUROPEU","P,M,G,GG","CAMISA I AL NASSR FC 23/24.webp",
"CAMISA I NEWCASTLE FC 23/24","175","Camisa Tailandesa EUROPEU","P,M,G,GG","CAMISA I NEWCASTLE FC 23/24.webp",
"CAMISA I FLUMINENSE FC 22/23 (FEMININA)","165","Tailandesa Feminina ","P,M,G,GG","CAMISA I FLUMINENSE FC 22/23 (FEMININA).webp",
"CAMISA II FLAMENGO FC 23/24 (FEMININA)","165","Tailandesa Feminina ","P,M,G,GG","CAMISA II FLAMENGO FC 23/24 (FEMININA).webp",
"CAMISA II BRASIL FC 22/23 (FEMININA)","165","Tailandesa Feminina ","P,M,G,GG","CAMISA II BRASIL FC 22/23 (FEMININA).webp",
"CAMISA EDIÇÃO ESPECIAL CORINTHIANS FC 22/23","165","Tailandesa Feminina ","P,M,G,GG","CAMISA EDIÇÃO ESPECIAL CORINTHIANS FC 22/23.webp",
"CAMISA II SANTOS FC 23-24 (FEMININA)","165","Tailandesa Feminina ","P,M,G,GG","CAMISA II SANTOS FC 23-24 (FEMININA).webp",
"CAMISA DE TREINO CORINTHIANS FC 23/24 (FEMININA)","165","Tailandesa Feminina ","P,M,G,GG","CAMISA DE TREINO CORINTHIANS FC 23/24 (FEMININA).webp",
"CAMISA I CORINTHIANS FC 22/23 (FEMININA)","165","Tailandesa Feminina ","P,M,G,GG","CAMISA I CORINTHIANS FC 22/23 (FEMININA).webp",
"CAMISA III SÃO PAULO FC 22/23 (FEMININA)","165","Tailandesa Feminina","P,M,G,GG","CAMISA III SÃO PAULO FC 22/23 (FEMININA).webp",
"CAMISA I GRÊMIO FC 22/23 (FEMININA)","165","Tailandesa Feminina","P,M,G,GG","CAMISA I GRÊMIO FC 22/23 (FEMININA).webp",
"CAMISA II BARCELONA FC 22/23 (FEMININA)","165","Tailandesa Feminina","P,M,G,GG","CAMISA II BARCELONA FC 22/23 (FEMININA).webp",
"CAMISA I CHELSEA 22/23 (FEMININA)","165","Tailandesa Feminina","P,M,G,GG","CAMISA I CHELSEA 22/23 (FEMININA).webp",
"CAMISA I TOTTENHAM FC 22/23 (FEMININA)","165","Tailandesa Feminina","P,M,G,GG","CAMISA I TOTTENHAM FC 22/23 (FEMININA).webp",
"CAMISA II REAL MADRID FC 23/24 (FEMININA)","165","Tailandesa Feminina","P,M,G,GG","CAMISA II REAL MADRID FC 23/24 (FEMININA).webp",
"CAMISA II MANCHESTER UNITED FC 23/24","165","Tailandesa Feminina","P,M,G,GG","CAMISA II MANCHESTER UNITED FC 23/24.webp",
"CAMISA I BOTAFOGO FC 22/23 (FEMININA)","165","Tailandesa Feminina","P,M,G,GG","CAMISA I BOTAFOGO FC 22/23 (FEMININA).webp",
"CORTA-VENTO ALEMANHA FC 23/24","270","Corta Vento ","P,M,G,GG","CORTA-VENTO ALEMANHA FC 23/24.webp",
"MOLETOM PSG PRETO","170","Moletom Premium","P,M,G,GG","MOLETOM PSG PRETO P,M,G.jpg",
"Moletom Manchester City Branca","170","Moletom Premium","P,M,G","Moletom Manchester City P,M.jpg",
"Moletom Corinthians Branca","170","Moletom Premium","P,M,G,GG","Moletom Corinthians Branca P,M,G.jpg",
"Moletom Corinthians Preta","170","Moletom Premium","M,G","Moletom Corinthians Preta M.jpg",
"Moletom Manchester City Preta","170","Moletom Premium","M,GG","Moletom Manchester City Preta M.jpg",
"Moletom Palmeiras Branco","170","Moletom Premium","M,G,GG","Moletom Palmeiras Branco M.jpg",
"Moletom SP Vermelho ","170","Moletom Premium","M,G,GG","Moletom SP Vermelho M.jpg",
"Moletom Real Madrid Branco","170","Moletom Premium","M,G,GG","Moletom Real Madrid Branco.jpg",
"Moletom PSG Cinza","170","Moletom Premium","G","Moletom PSG Cinza G.jpg",
"Camiseta Brasil Premium","90","Camisa Premium","M,G,GG","Camiseta Brasil Premium.webp",
"Camisa Palmeiras Fan","90","Camisa Premium","M,G,GG","Camisa Palmeiras Fan.webp",
"Flamengo FC23 Premium ","90","Camisa Premium","M,G,GG","Flamengo FC23 Premium.webp",
"Camisa III Corinthians FC22","90","Camisa Premium","M,G,GG","Camisa III Corinthians FC22.webp",
"Camisa Corinthians Cassio","90","Camisa Premium","M,G,GG","Corinthians Cassio.webp",
"CAMISA II PALMEIRAS Premium FC 23/24","90","Camisa Premium","M,G,GG","CAMISA II PALMEIRAS Premium FC 23/24.webp",
"Boca Junior Premium FC","90","Camisa Premium","M,G,GG","Boca Junior Premium FC.webp",
"Flamengo III FC 22","90","Camisa Premium","M,G,GG","Flamengo III FC 22.webp",
"Camisa Verde Brasil Premium","90","Camisa Premium","M,G,GG","Camisa Verde Brasil Premium.webp",
"CAMISA Premium I ARSENAL FC 23/24","90","Camisa Premium","M,G,GG","CAMISA Premium I ARSENAL FC 23/24.PNG",
"CAMISA Premium I MANCHESTER UNITED 23/24.webp","90","Camisa Premium","M,G,GG","CAMISA Premium I MANCHESTER UNITED 23/24.webp",
"Camisa Brasil AZUL Premium","90","Camisa Premium","M,G,GG","Camisa Brasil AZUL Premium.webp",
"Camisa Palmeiras Fan Premium","90","Camisa Premium","M,G,GG","Camisa Palmeiras Fan Premium.webp",
"Camisa Premium Brasil Edição Especial","90","Camisa Premium","M,G,GG","Camisa Premium Brasil Edição Especial.webp",
"Camisa Premium Liverpool FC FAn","90","Camisa Premium","M,G,GG","Camisa Premium Liverpool FC FAn.webp",
"Camisa Premium Santos Umbro","90","Camisa Premium","M,G,GG","Camisa Premium Santos Umbro.webp",
"Camisas I Palmeiras Premium","90","Camisa Premium","M,G,GG","Camisas I Palmeiras Premium.webp",
"Camisa Premium Argentina EDIÇÃO ESPECIAL","90","Camisa Premium","M,G,GG","Camisa Premium Argentina EDIÇÃO ESPECIAL.webp",
"Camisa Premium Real Madrid FC","90","Camisa Premium","M,G,GG","Camisa Premium Real Madrid FC.webp",
"Camisa Premium PSG Edição Especial","90","Camisa Premium","M,G,GG","Camisa Premium PSG Edição Especial.webp",
"CAMISA Premium I VASCO FC 23/24","90","Camisa Premium","M,G,GG","CAMISA Premium I VASCO FC 23/24.webp",
"Camisa Premium Brasil Edição Especial","90","Camisa Premium","M,G,GG","Camisa Premium Brasil Edição Especial.webp",
"CAMISA Premium II SÃO PAULO FC 23/24","90","Camisa Premium","M,G,GG","CAMISA Premium II SÃO PAULO FC 23/24.webp",
"CAMISA Premium I GRÊMIO FC 22/23","90","Camisa Premium","M,G,GG","CAMISA Premium I GRÊMIO FC 22/23.webp",
"CAMISA I MILAN FC 23/24","90","Camisa Premium","M,G,GG","CAMISA I MILAN FC 23/24.webp",
"CAMISA Premium I BAYER DE MUNIQUE FC 23/24","90","Camisa Premium","M,G,GG","CAMISA Premium I BAYER DE MUNIQUE FC 23/24.webp",
"Camisa Premium Atletico de Madrid FC","90","Camisa Premium","M,G,GG","Camisa Premium Atletico de Madrid FC.webp",
